{
  "test": {
    "roc_auc": 0.5031903432473005,
    "pr_auc": 0.5033803522029039,
    "accuracy": 0.5009375,
    "precision": 0.50093808630394,
    "recall": 0.9993761696818465,
    "f1": 0.6673609664653197
  }
}