{
  "test": {
    "roc_auc": 0.4998676614338647,
    "pr_auc": 0.49832132766028114,
    "accuracy": 0.49646341463414634,
    "precision": 0.49646341463414634,
    "recall": 1.0,
    "f1": 0.6635156059000896
  }
}