{
  "test": {
    "roc_auc": 0.496756531426663,
    "pr_auc": 0.4936574879152172,
    "accuracy": 0.494625,
    "precision": 0.494625,
    "recall": 1.0,
    "f1": 0.6618717069499038
  }
}