{
  "test": {
    "roc_auc": 0.5032975880387156,
    "pr_auc": 0.49984085383618937,
    "accuracy": 0.49797619047619046,
    "precision": 0.49797522629823726,
    "recall": 0.9995218742529285,
    "f1": 0.6647587248588918
  }
}